year/month,tmax degC,tmin degC,af days,rain mm,sun hours
01/01/1972,6.8,2.8,3,102,48.1
01/02/1972,7,2.7,1,88.4,54.9
01/03/1972,9.1,3.8,2,61.1,127.9
01/04/1972,10.2,5.6,0,75.5,164.5
01/05/1972,12,6.9,0,65.2,178.9
01/06/1972,12.9,7.7,0,128.5,152.5
01/07/1972,17,11.7,0,67.7,182
01/08/1972,16.5,11.2,0,32.1,202.1
01/09/1972,15.2,9,0,40.6,198
01/10/1972,13.9,8.5,0,54.8,101.1
01/11/1972,9.6,5.6,1,91.7,63.7
01/12/1972,9.2,4.7,0,103.4,40.1
01/01/1973,7.4,3.5,5,45.2,40.1
01/02/1973,7.1,3.2,4,45.8,54
01/03/1973,9.1,3.5,0,36,150.5
01/04/1973,9.2,4.5,2,44.5,174.6
01/05/1973,14.2,7.9,0,66.7,167.5
01/06/1973,16.2,10,0,20.3,230
01/07/1973,16.8,11.6,0,75.4,188
01/08/1973,19.5,13.2,0,119.9,169.4
01/09/1973,16.9,11.3,0,68.7,144.8
01/10/1973,12.8,7.9,0,55.6,94.2
01/11/1973,10.1,5.9,0,83.5,56.4
01/12/1973,8.4,3.7,5,94.2,52.8
01/01/1974,8.6,3.8,2,203.2,44.6
01/02/1974,7.9,3.1,0,116.1,59.7
01/03/1974,8.5,3,2,47.6,125
01/04/1974,12.4,5.2,0,15.9,220.3
01/05/1974,13,6.9,0,51.3,195.8
01/06/1974,15.8,10.1,0,54,205.1
01/07/1974,16.7,11.6,0,54.2,173.7
01/08/1974,17.1,11.1,0,47.9,177.2
01/09/1974,14,9.2,0,124.2,118.8
01/10/1974,10.5,6.8,0,114,65.2
01/11/1974,9.3,5.2,0,89.2,60
01/12/1974,9.9,6.2,0,78.9,27.2
01/01/1975,9.1,5,0,132.3,31.5
01/02/1975,8.7,2.8,0,31.6,119.1
01/03/1975,7.2,3,3,42,115.8
01/04/1975,10.3,5,1,70.6,148.5
01/05/1975,12.5,6.6,0,23.9,267.3
01/06/1975,17,10.5,0,4.3,274.9
01/07/1975,18.7,13,0,48,195.3
01/08/1975,19.3,13.6,0,47.2,178.2
01/09/1975,15.6,10,0,66.8,154.3
01/10/1975,13.4,7.9,0,59.5,138.1
01/11/1975,9.9,5.2,0,69.1,60.7
01/12/1975,8.3,4.6,3,59.9,25.1
01/01/1976,8,4.9,2,48.1,27.9
01/02/1976,7.1,2.6,5,40.5,79.7
01/03/1976,8.1,2.2,5,62,116.1
01/04/1976,10.5,4.4,0,19.2,178.5
01/05/1976,13.5,7.6,0,56.6,164.3
01/06/1976,18.9,11.1,0,11.5,210.4
01/07/1976,19.6,13.2,0,13.2,193.5
01/08/1976,20.4,13.5,0,0.8,288.5
01/09/1976,15.6,10.6,0,157.8,99.2
01/10/1976,12.7,7.5,0,155.2,76.1
01/11/1976,9.7,5.1,0,81.1,77.7
01/12/1976,5.6,1.6,6,83,57.5
01/01/1977,5.9,1.8,8,79.3,48
01/02/1977,8.3,3.4,2,150.6,63.9
01/03/1977,9.8,4.7,0,56.9,82.3
01/04/1977,9.3,4.7,0,50.4,176.4
01/05/1977,13.7,6.8,0,50.2,285.8
01/06/1977,14.3,8.9,0,54.3,197.6
01/07/1977,18.1,12.3,0,24.9,209.8
01/08/1977,18,11.7,0,91.2,199.9
01/09/1977,15.1,10.4,0,27.8,116
01/10/1977,14.7,9.8,0,110.6,110.3
01/11/1977,9,4.8,5,118.2,63.1
01/12/1977,8.7,4.9,0,78.2,40.3
01/01/1978,6.6,2.5,3,92.8,64
01/02/1978,5.5,1.5,13,74,64.7
01/03/1978,9,3.9,3,48,116.5
01/04/1978,9.4,3.7,2,32.4,164
01/05/1978,13.9,7.9,0,14.9,224.8
01/06/1978,15.2,9.8,0,31.1,161
01/07/1978,15.7,11.1,0,91,132.6
01/08/1978,16.3,11.5,0,61,141
01/09/1978,16.1,11.2,0,52,155.5
01/10/1978,14.4,10.3,0,25.8,67.9
01/11/1978,11.2,7.1,2,71.6,61.7
01/12/1978,7.7,3.3,5,140,54.5
01/01/1979,4.6,-0.4,17,91.1,69.4
01/02/1979,4.5,0.3,12,54.2,71.9
01/03/1979,6.9,2.2,3,83.3,80.9
01/04/1979,9.7,4.3,1,68.2,160.7
01/05/1979,11.6,5.4,0,98.3,191.5
01/06/1979,15.5,9.6,0,24,167.9
01/07/1979,17.6,11.9,0,13.2,211.7
01/08/1979,16.8,11.2,0,93.3,160.9
01/09/1979,15.7,10.3,0,44.6,144.7
01/10/1979,13.9,9.1,0,158.9,110.6
01/11/1979,10.4,5.7,1,93.7,53.9
01/12/1979,8.9,4.4,3,152.8,48.4
01/01/1980,5.8,1,9,57.9,78.7
01/02/1980,8.7,4.3,0,89.9,49.8
01/03/1980,7.5,2.9,4,91.6,95.7
01/04/1980,10.5,5.6,0,21.4,169
01/05/1980,14.5,7.2,0,27.5,236.7
01/06/1980,15.2,10.2,0,76.4,143.8
01/07/1980,16.6,11,0,53.9,170.3
01/08/1980,17.7,12.5,0,66.3,138.6
01/09/1980,16.4,11.5,0,75.4,122.6
01/10/1980,11.8,7.2,0,119.3,78.7
01/11/1980,9.1,5.5,2,64.8,63.4
01/12/1980,8.9,4.4,3,82.9,40.4
01/01/1981,8,3.6,1,40.7,51.6
01/02/1981,6.4,1.1,12,52.6,80.1
01/03/1981,9.9,5.7,1,164.5,85
01/04/1981,11.2,5.1,0,22.5,167
01/05/1981,13.8,7.4,0,70.3,163
01/06/1981,15,9.8,0,28.1,162
01/07/1981,16.5,11.6,0,27.7,132.9
01/08/1981,18.4,12.5,0,24.2,187.6
01/09/1981,17.3,10.8,0,164.8,130.5
01/10/1981,11,6.5,0,217.2,75.6
01/11/1981,10.7,6.2,0,51.9,46.6
01/12/1981,5.5,0.6,12,78,42.7
01/01/1982,6.2,2.5,9,67.3,56.9
01/02/1982,8.2,3,5,78.3,82
01/03/1982,8.7,3.3,0,67.5,153.4
01/04/1982,10.7,5.3,0,18,185.1
01/05/1982,14.5,7.5,0,30.5,203.8
01/06/1982,17.8,10.7,0,94.5,179.2
01/07/1982,17.9,12.3,0,53.9,190.6
01/08/1982,17.2,12,0,74.2,136.9
01/09/1982,16.6,10.7,0,105.4,122.4
01/10/1982,12.7,7.9,0,107.9,80
01/11/1982,10.6,6.4,0,141.2,51.3
01/12/1982,8.1,3.2,3,78.9,33.7
01/01/1983,9.1,5,1,90.8,28.3
01/02/1983,5.3,0.5,15,31.1,96.5
01/03/1983,8.7,4.4,0,71.8,70
01/04/1983,9.1,3.4,1,68,179.5
01/05/1983,12.1,6.8,0,78.4,137.9
01/06/1983,15.9,10.2,0,42.9,172.7
01/07/1983,20.7,13.9,0,39.5,252.1
01/08/1983,19.7,13.1,0,57.1,223.6
01/09/1983,16,10.8,0,93.7,115.9
01/10/1983,13.2,8.1,1,81.8,98.3
01/11/1983,10.6,5.8,4,44.5,60.5
01/12/1983,9.3,4.9,0,122.1,49.5
01/01/1984,7.4,2.4,2,80.6,44.4
01/02/1984,7.1,2.2,7,52.1,58.6
01/03/1984,7,2.2,3,35.3,98
01/04/1984,12.5,5.1,1,8.4,216.2
01/05/1984,12.2,6.4,0,44.6,236.3
01/06/1984,15.9,9.8,0,24.9,199.7
01/07/1984,18.9,11.9,0,38.4,285.2
01/08/1984,19.9,13.2,0,40.5,185.6
01/09/1984,15.5,11.3,0,154.2,127.3
01/10/1984,13.6,8.4,0,95.1,109.8
01/11/1984,10.2,6,0,145,53.2
01/12/1984,8.6,3.8,1,133.6,45.8
01/01/1985,5,-0.3,17,71.2,85.6
01/02/1985,6.5,1.2,11,29.7,97.4
01/03/1985,7.5,2.3,6,67,147.1
01/04/1985,10.8,5.5,0,62.1,138.6
01/05/1985,12.9,7.4,0,29.3,192.1
01/06/1985,14.6,8.7,0,104.2,185
01/07/1985,17.4,11.5,0,70.4,200.8
01/08/1985,16.3,10.6,0,105.4,153.6
01/09/1985,17.2,11.2,0,29.5,128.4
01/10/1985,13.4,8.2,0,57.4,114.7
01/11/1985,7.8,3.1,1,98.8,68
01/12/1985,8.9,4.7,4,146,38.9
01/01/1986,6.7,2.7,3,83.8,33.5
01/02/1986,2.3,-2.7,24,0,117
01/03/1986,8,2.3,4,51,133.4
01/04/1986,7.6,2.6,2,70.3,124.1
01/05/1986,13.1,7.3,0,63.9,210.6
01/06/1986,17.6,10.4,0,57.2,182.3
01/07/1986,16.8,11.6,0,41,129.4
01/08/1986,15.2,10.3,0,104.8,142.1
01/09/1986,14.4,8,0,9.2,161.4
01/10/1986,13.7,8.8,0,82,108.9
01/11/1986,10.6,5.7,0,133.8,70.1
01/12/1986,9.3,4.5,0,187.9,39.3
01/01/1987,4.2,0,16,18.1,62
01/02/1987,6.7,1.7,11,48.3,74.2
01/03/1987,7.3,2.1,10,79.7,108.3
01/04/1987,13.4,6.7,0,50.9,161.6
01/05/1987,12.1,7.3,0,19.8,193.9
01/06/1987,14.3,9.2,0,66.8,162.5
01/07/1987,17.4,12.1,0,45.7,177.6
01/08/1987,17.5,12.3,0,57.3,185.2
01/09/1987,16.3,10.6,0,78.2,151.9
01/10/1987,12.7,7,0,219.2,116.1
01/11/1987,9.4,5.3,0,103,88.7
01/12/1987,8.2,4.3,6,64.7,56.2
01/01/1988,7.9,3.7,0,164,53
01/02/1988,7.2,2.8,1,47.2,82.9
01/03/1988,8.5,4.6,2,103.3,107.7
01/04/1988,11.3,4.9,1,40.3,191.7
01/05/1988,13.9,7.7,0,61.9,225.1
01/06/1988,16.4,10.6,0,77.1,203.3
01/07/1988,15.8,11,0,76.9,138.2
01/08/1988,16.9,11.2,0,78.7,161.3
01/09/1988,15.3,10.5,0,76.4,152.6
01/10/1988,13.4,8.4,0,98.5,113.1
01/11/1988,9.9,3.9,2,36.9,97.4
01/12/1988,9.8,6.8,0,36.9,26.8
01/01/1989,8.9,4.6,2,69.9,70.9
01/02/1989,8.7,3.6,2,71.6,79.1
01/03/1989,9.9,4.3,3,85.1,104.3
01/04/1989,9.5,3.4,1,63.7,185.1
01/05/1989,15.5,8.8,0,11.9,265.8
01/06/1989,16.7,9.9,0,42.2,251
01/07/1989,19.7,13,0,34.3,246.2
01/08/1989,18.4,12.5,0,67.5,225.5
01/09/1989,16.4,11,0,40,114.1
01/10/1989,13.9,9.6,0,104.1,58.2
01/11/1989,10.5,5.2,2,73.8,96.7
01/12/1989,8,2.9,3,120.2,49.7
01/01/1990,9.1,4.8,0,118,48
01/02/1990,9.9,4.6,0,91.2,64.9
01/03/1990,10.5,5.3,0,14.4,100.9
01/04/1990,11,4.6,3,20.9,187
01/05/1990,15.7,8.8,0,24.3,259.2
01/06/1990,15.7,10,0,64.4,151.3
01/07/1990,20.1,12.7,0,33,289.9
01/08/1990,19.8,13.7,0,42.6,195.4
01/09/1990,15.7,10.4,0,57.6,164
01/10/1990,14.3,9.9,0,108.6,91.7
01/11/1990,9.6,5.5,0,79.2,78.6
01/12/1990,7.5,2.8,3,97.5,48.1
01/01/1991,6.1,1.2,10,97.1,81.4
01/02/1991,5.4,-0.1,15,55.4,83.5
01/03/1991,10,5,0,66.5,113.5
01/04/1991,10.6,5,0,77.3,149.9
01/05/1991,12.6,7.6,0,9.4,192.2
01/06/1991,14.3,9,0,42.6,167.7
01/07/1991,19,13,0,79.9,169.9
01/08/1991,19.5,12.8,0,26,208.8
01/09/1991,18.2,11.6,0,55.6,184
01/10/1991,12.6,8.1,0,142.4,85.5
01/11/1991,9.7,5.4,0,99.6,29.9
01/12/1991,7.9,3.8,4,17.7,33.9
01/01/1992,7.3,2.1,13,47.3,80.8
01/02/1992,8.6,4.4,0,55.5,59.5
01/03/1992,9.6,4.9,0,66.8,59.2
01/04/1992,11.2,5.4,0,69.5,127.2
01/05/1992,16.6,9.1,0,43.8,245
01/06/1992,17.6,11,0,49.6,212.8
01/07/1992,17.8,12.4,0,60,166.2
01/08/1992,16.6,11.3,0,149.3,170.9
01/09/1992,15.2,10.3,0,74.6,116
01/10/1992,10.6,6.7,0,77.6,84.1
01/11/1992,10.5,5.9,0,109.6,50.2
01/12/1992,7.2,2.6,5,109.9,74.6
01/01/1993,8.9,3.8,1,93.4,28.6
01/02/1993,7.3,3.7,1,23.5,44.1
01/03/1993,8.8,4.4,0,24.6,101.7
01/04/1993,11.8,6.5,0,57,158.5
01/05/1993,13.8,7.8,0,108.4,195.1
01/06/1993,15.9,10.6,0,190.6,182.4
01/07/1993,16.6,11.6,0,74,191.2
01/08/1993,16.6,10.9,0,47.8,185.6
01/09/1993,15.2,9.9,0,66.8,136
01/10/1993,11.1,6.1,0,45.6,135.8
01/11/1993,8.1,3.1,6,112.9,72.2
01/12/1993,8.5,4.2,1,142.6,28.6
01/01/1994,8.1,3.6,1,106.5,59.1
01/02/1994,6.4,1.7,6,87.2,61.5
01/03/1994,9.5,5.3,0,114.8,104.4
01/04/1994,10,4.8,0,73.8,172.2
01/05/1994,13.5,7.4,0,41.3,185.1
01/06/1994,16,9.9,0,28.2,183.3
01/07/1994,18.8,12.2,0,54.6,206.2
01/08/1994,17.7,12,0,80,186.4
01/09/1994,14.7,10.1,0,115.8,109.3
01/10/1994,13.6,8.5,0,91.8,141.9
01/11/1994,12.2,8.8,0,99.6,43.7
01/12/1994,9.8,5.2,2,157.4,51
01/01/1995,8.4,3.5,2,145.6,36.9
01/02/1995,9.2,4.5,0,109.1,44
01/03/1995,8.3,2.8,4,64.7,149.9
01/04/1995,10.8,5.5,2,26.6,183.8
01/05/1995,14,7.7,0,50.2,204.9
01/06/1995,16.5,10.6,0,13.4,260.2
01/07/1995,21.1,13.9,0,36.9,227.8
01/08/1995,22.4,14.9,0,7.8,292.1
01/09/1995,15.9,11.2,0,77.2,158.4
01/10/1995,15.5,10.8,0,86.8,120.2
01/11/1995,10.7,5.8,0,117,80.2
01/12/1995,6,1.8,9,93.5,67.6
01/01/1996,6.9,3.4,8,75.1,50
01/02/1996,6,1.1,13,67.4,115
01/03/1996,7.7,3,3,44.8,94.1
01/04/1996,11.1,4.9,0,58.2,151.2
01/05/1996,11.8,5.4,0,69.4,250.7
01/06/1996,15.7,9.8,0,26.8,252.5
01/07/1996,17.8,12,0,28,222.2
01/08/1996,17.9,12.2,0,53,183.1
01/09/1996,17,10.6,0,30.4,204.9
01/10/1996,14.1,10,0,107.2,82.7
01/11/1996,9.4,5.1,0,100.6,59.9
01/12/1996,6.3,1.6,8,32,83.8
01/01/1997,5.8,1,13,4.6,95.7
01/02/1997,9.2,4.2,0,85,68.1
01/03/1997,10.8,5.6,0,21.6,146.9
01/04/1997,12.3,6,0,14.8,184.5
01/05/1997,14.7,7.9,0,72.6,258.1
01/06/1997,15.8,10.5,0,125.8,134.4
01/07/1997,18.2,11.9,0,58.6,228.9
01/08/1997,20.2,14.1,0,105.2,156.8
01/09/1997,16.7,11.3,0,54.2,145
01/10/1997,14,8.4,0,65.4,121.6
01/11/1997,11.3,7.4,0,219,48.8
01/12/1997,9.1,4.7,2,64.8,50.1
01/01/1998,8,3.5,7,125.2,69.8
01/02/1998,9.9,5.5,1,18.2,78.5
01/03/1998,10.1,6.1,0,87.6,80
01/04/1998,10.2,4.6,1,111.4,177.2
01/05/1998,14.6,9.3,0,15,233.6
01/06/1998,16.1,10.6,0,120.2,178.5
01/07/1998,16.4,12.1,0,39.4,144.3
01/08/1998,17.9,12,0,43.4,207.3
01/09/1998,17,12,0,91.2,135.2
01/10/1998,13.4,8.9,0,124.2,91.6
01/11/1998,9.7,5.6,0,103,69.9
01/12/1998,9.1,3.9,5,91.6,32.8
01/01/1999,8.7,3.8,5,143,55.1
01/02/1999,8,4.1,2,48.6,63.5
01/03/1999,9.4,4.8,0,59.2,101.6
01/04/1999,11.5,6.4,0,63.1,163.5
01/05/1999,14.8,9.3,0,42.6,153.8
01/06/1999,15.6,10,0,59.4,199.9
01/07/1999,19.7,13,0,14.6,233.4
01/08/1999,18.7,12.6,0,126.8,191.4
01/09/1999,17.5,11.4,0,101.8,140.4
01/10/1999,13.7,8.7,0,84.8,118.5
01/11/1999,10.6,6.6,1,74.2,66.4
01/12/1999,8.5,4.2,3,136.4,42.1
01/01/2000,7.8,3.6,3,54.4,51.9
01/02/2000,8.6,4.3,1,107,96.3
01/03/2000,9.3,4.7,0,28.8,138.5
01/04/2000,10.3,4.2,0,87.6,159.9
01/05/2000,14.4,8.3,0,58.4,230.9
01/06/2000,16.9,10.7,0,53.8,194.7
01/07/2000,17.5,11.8,0,75.2,218.4
01/08/2000,18.5,12.3,0,59.4,186.2
01/09/2000,17.1,11.4,0,95.4,112
01/10/2000,12.9,8,0,195,84.2
01/11/2000,9.5,5.3,0,151.8,44.4
01/12/2000,8.4,4.1,5,143.8,42.7
01/01/2001,6.8,2.2,5,56.4,86.8
01/02/2001,7.6,2.7,5,91,95.7
01/03/2001,8.3,2.9,6,77,105.9
01/04/2001,9.9,4.8,0,76,152.5
01/05/2001,15.4,8.6,0,44.4,236.8
01/06/2001,16.6,10.2,0,28,194.1
01/07/2001,17.4,11.9,0,98.6,181
01/08/2001,17.9,12.6,0,97.6,166.7
01/09/2001,15.6,11.5,0,54.2,127.8
01/10/2001,15.1,10.5,0,147.4,110.2
01/11/2001,11.1,6.7,0,87.8,38.2
01/12/2001,7.8,2.5,6,41,81.9
01/01/2002,9.2,4.1,4,113,53.5
01/02/2002,9.6,4.6,1,111.2,70
01/03/2002,10.6,5.1,0,48.8,124.1
01/04/2002,11.6,5.6,0,56.8,175.3
01/05/2002,13.9,8.1,0,120.6,205.3
01/06/2002,15.5,10.1,0,50.2,---
01/07/2002,16.9,11.7,0,46,145.1
01/08/2002,17.4,12.6,0,56.6,152
01/09/2002,17.3,10.9,0,43,188.7
01/10/2002,13.3,8.4,0,141.4,90.6
01/11/2002,11.3,7.6,0,180.2,40.1
01/12/2002,8.2,4.9,0,84.8,46.4
01/01/2003,7.4,3.2,9,57.6,84.3
01/02/2003,7.4,2.3,7,27.6,107.9
01/03/2003,11.3,4.8,0,46.4,192
01/04/2003,13.7,6.5,0,36.8,194.9
01/05/2003,13.7,8,0,51.6,173.9
01/06/2003,17.8,11.1,0,46.8,211.4
01/07/2003,19.1,13.1,0,71.8,144.7
01/08/2003,19.7,13.8,0,25.4,204.2
01/09/2003,17.3,10.7,0,62.8,149
01/10/2003,12.4,7,0,78.8,121
01/11/2003,11.1,6.5,0,111.4,73.3
01/12/2003,8.4,3.8,3,91.2,56.1
01/01/2004,8.2,3.8,1,99,49
01/02/2004,7.6,3.8,2,48.4,99
01/03/2004,9.5,3.9,4,30.4,154.1
01/04/2004,10.8,6.2,0,50.4,118.7
01/05/2004,13.9,8.1,0,36.2,---
01/06/2004,17.6,11.5,0,25.8,210.3
01/07/2004,17,11.7,0,46.9,165.4
01/08/2004,19.1,13.6,0,160,144.3
01/09/2004,16.9,12,0,81.8,132.3
01/10/2004,12.9,8.2,0,168.8,104.5
01/11/2004,10.5,7.5,0,56.2,43.6
01/12/2004,9.1,4.8,1,89.6,49.3
01/01/2005,8.8,5,0,53.4,53.4
01/02/2005,6.8,2.7,2,44.8,74.3
01/03/2005,10,5.4,2,25.6,88.5
01/04/2005,11.7,5.7,0,83.2,158.5
01/05/2005,13.6,7.6,0,30.2,225.1
01/06/2005,17.2,11.6,0,29.6,185.3
01/07/2005,18.4,12.8,0,77.8,175.4
01/08/2005,18.2,12.3,0,40.2,225.7
01/09/2005,17.4,11.7,0,58.2,147.3
01/10/2005,14.6,10.6,0,194.4,81.2
01/11/2005,10.3,4.8,1,128.2,81.9
01/12/2005,8.3,4,5,57.2,48.2
01/01/2006,7,2.8,6,30.2,92.5
01/02/2006,6.5,2.2,6,50.8,74.6
01/03/2006,7.9,2.9,5,79.6,106
01/04/2006,10.5,5.8,0,39.2,185.4
01/05/2006,13.9,8.1,0,118.6,159.5
01/06/2006,18,11.3,0,19,254.4
01/07/2006,21.2,13.7,0,32.8,236.6
01/08/2006,17.1,12.9,0,68,123.5
01/09/2006,18.7,13,0,53.6,160.9
01/10/2006,15.1,10.6,0,81.8,108.5
01/11/2006,11.3,6.1,0,132.2,94.2
01/12/2006,9.3,5.3,3,153.8,44.2
01/01/2007,9.5,5.5,0,94.8,57.5
01/02/2007,8.8,4,2,91.9,87.6
01/03/2007,9.5,4.4,0,69,151.6
01/04/2007,13.8,7.4,0,9.8,235.1
01/05/2007,14.3,8.5,0,81.8,216.8
01/06/2007,16.9,11.6,0,92.1,158.2
01/07/2007,16.7,11.8,0,155.2,181.2
01/08/2007,17,12.3,0,59.4,175.1
01/09/2007,16.1,11.6,0,57.4,147.8
01/10/2007,14,9.2,0,28.8,117.7
01/11/2007,10.8,6.8,1,48.6,52.9
01/12/2007,8.7,3.6,7,103.6,74.4
01/01/2008,9.4,4.7,1,140,54.7
01/02/2008,9.5,3.3,3,44.4,133.1
01/03/2008,8.7,4.4,0,75.8,118.8
01/04/2008,10.7,4.9,2,79.4,184.5
01/05/2008,16.5,9.6,0,63.9,194.9
01/06/2008,15.8,10.1,0,60.5,234.2
01/07/2008,17.9,12.5,0,84.4,177.2
01/08/2008,17.6,13,0,102.8,94.4
01/09/2008,15.9,10.2,0,72.6,139
01/10/2008,12.4,8.4,0,153.6,101.6
01/11/2008,9.7,6.3,1,80.3,66.1
01/12/2008,7.4,3.1,6,67.6,73.6
01/01/2009,6.8,1.4,9,113,90.9
01/02/2009,6.7,2.7,7,23.6,56.2
01/03/2009,9.6,4.2,1,34.6,151
01/04/2009,12,6,0,60.2,178.6
01/05/2009,14.3,8,0,70.8,204.1
01/06/2009,17.7,10.9,0,59.8,221.9
01/07/2009,18,12.6,0,154.8,156.8
01/08/2009,18.3,12.5,0,59.4,159.7
01/09/2009,15.9,11,0,22.8,145.1
01/10/2009,14.3,9.6,0,82.4,78.9
01/11/2009,11.1,6.6,0,203.8,44.5
01/12/2009,6.9,2.4,5,124.8,67.7
01/01/2010,5.1,0.9,11,55.4,86.1
01/02/2010,5.9,1.4,6,38.1,100.8
01/03/2010,8.5,3,4,64.8,147.3
01/04/2010,11.6,5.3,0,30.4,215.5
01/05/2010,13.2,7.6,0,58.6,239.8
01/06/2010,17.6,10.6,0,23.2,259.3
01/07/2010,18.1,13,0,122.2,115.4
01/08/2010,16.9,12.2,0,34.2,153.5
01/09/2010,16.6,11.5,0,62.3,143.2
01/10/2010,13.7,8.2,0,93.8,139.7
01/11/2010,8.8,4,5,108,78.6
01/12/2010,4.5,-0.1,17,22.8,79.1
01/01/2011,6.5,2.1,9,91.6,80.5
01/02/2011,9.2,4.7,1,52.2,68.4
01/03/2011,9.6,3.5,5,24.2,193.8
01/04/2011,14.6,8,0,19.2,223.4
01/05/2011,15,8.8,0,44.4,194.4
01/06/2011,15.8,9.9,0,51.2,234.1
01/07/2011,17.3,11.5,0,50,206.3
01/08/2011,17.5,11.8,0,64,141.6
01/09/2011,17,12,0,62.2,126.5
01/10/2011,14.8,10.5,0,85.2,72.9
01/11/2011,12.6,8.1,0,66,73.4
01/12/2011,9.3,5.5,0,126.4,25
01/01/2012,8.4,4.9,0,64.6,59.6
01/02/2012,7.5,2.8,10,38.2,68
01/03/2012,11.6,5.9,0,23.8,166.1
01/04/2012,9.8,4.6,1,93,113.2
01/05/2012,14.3,8.2,0,57.4,213.8
01/06/2012,15.7,10.6,0,148,143.9
01/07/2012,16.6,11.7,0,76.2,139.4
01/08/2012,18.4,13.4,0,100.2,141.1
01/09/2012,15.3,10.2,0,86.8,137.9
01/10/2012,12.7,8.2,0,135.6,98.6
01/11/2012,9.6,4.9,1,160.4,60.4
01/12/2012,8.4,4.2,4,168.6,53.4
01/01/2013,6.8,3.1,10,74.1,47.4
01/02/2013,6.7,2,4,60.4,90.5
01/03/2013,6.6,1,13,40,127.3
01/04/2013,10.3,4.3,5,33.4,184.2
01/05/2013,12.2,6.4,0,60.8,196.9
01/06/2013,15.9,9.9,0,45,217.9
01/07/2013,20.7,13.6,0,36,291.5
01/08/2013,18.6,13.2,0,73.4,152.7
01/09/2013,16.8,11.6,0,61.8,96.7
01/10/2013,14.8,10.9,0,137.4,71.3
01/11/2013,10,5.7,0,89.8,54.5
01/12/2013,9.6,4.8,0,161.4,40
01/01/2014,8.4,4,0,195.4,28.8
01/02/2014,8.3,3.8,0,171.6,73.8
01/03/2014,10.5,4.4,0,48.8,131
01/04/2014,12.7,6.9,0,55.8,160.1
01/05/2014,14.3,8.9,0,63.4,144.1
01/06/2014,17.1,11.1,0,54.8,253.3
01/07/2014,19.3,13.4,0,20.2,205.8
01/08/2014,17.5,12.2,0,106.8,169.2
01/09/2014,18.3,11.9,0,12.6,174.2
01/10/2014,14.7,10.1,0,110.6,76.8
01/11/2014,11.2,6.4,0,122.8,80.6
01/12/2014,8.9,4.9,1,83.2,46.1
01/01/2015,7.7,3.5,2,97.6,45.3
01/02/2015,6.9,2.5,5,59,69.5
01/03/2015,8.8,3.8,0,54,137.8
01/04/2015,12.8,5.4,0,26.2,221.5
01/05/2015,12.9,7.7,0,82.4,163.6
01/06/2015,16.7,10.2,0,39,226.7
01/07/2015,17.8,12.1,0,97,168.2
01/08/2015,17.6,11.7,0,77.8,158.7
01/09/2015,16,10.2,0,51.8,153.9
01/10/2015,13.9,8.8,0,75,99.2
01/11/2015,12.6,7.7,0,148,32.7
01/12/2015,11.8,7.7,0,210.4,21.1
01/01/2016,8.9,4.5,0,146,25.5
01/02/2016,7.8,3.5,2,85.6,64.4
01/03/2016,8.7,3.5,0,64.4,129.5
01/04/2016,10.2,4.9,0,52.2,143.9
01/05/2016,15.2,8.8,0,56.4,190.9
01/06/2016,17,11.7,0,75.8,149.9
01/07/2016,18.3,12.9,0,50.4,140.4
01/08/2016,18.9,13.2,0,41.4,150.4
01/09/2016,17.9,12.2,0,98.8,103.4
01/10/2016,14.1,8.6,0,40.2,135.4
01/11/2016,9.4,5.4,1,76.6,73.7
01/12/2016,10,5.4,1,54.2,46.5
01/01/2017,7.9,3.9,2,55.2,60.5
01/02/2017,8.8,4.6,1,75.4,51.5
01/03/2017,11.1,5.5,0,110.8,96.2
01/04/2017,11.5,6.6,0,16.6,158.6
01/05/2017,16.2,9.4,0,32.4,224.3
01/06/2017,17.8,11.8,0,105.4,171.6
01/07/2017,18.3,12.6,0,85.6,165.2
01/08/2017,17.6,12,0,99,142.7
01/09/2017,15.9,11,0,145,90.2
01/10/2017,14.6,10.5,0,29.8,57.8
01/11/2017,10.7,6.6,0,130.2,38.8
01/12/2017,8.6,4.9,1,123,32.4
01/01/2018,8.4,3.8,0,117.2,53.5
01/02/2018,6.3,1.3,10,48.6,91.3
01/03/2018,7.7,2.3,6,97,100.6
01/04/2018,12.1,6.4,0,70.6,152.2
01/05/2018,15.3,8.1,0,33.4,219.4
01/06/2018,19.1,12.4,0,10.2,270.2
01/07/2018,20.3,13.4,0,58.6,244.8
01/08/2018,18.5,12.6,0,63.8,128.5
01/09/2018,16,10.8,0,94,132.5
01/10/2018,13.5,8.5,0,131.6,107.7
01/11/2018,10.9,6.3,0,154,81.8
01/12/2018,9.9,6.3,0,125.2,11.3
01/01/2019,7.3,3.8,3,53.8,31.9
01/02/2019,11,5,1,52.8,110.5
01/03/2019,10.1,5.1,0,83,121.4
01/04/2019,13.3,6.4,0,74.4,145.8
01/05/2019,14.2,7.9,0,15,224.1
01/06/2019,16.3,10.6,0,138.2,165.6
01/07/2019,19.2,13.2,0,21.6,208.9
01/08/2019,19.4,13.4,0,69.4,192.4
01/09/2019,17.2,11.8,0,103,159.7
01/10/2019,13.1,8.4,0,138.2,78
01/11/2019,9.3,5.5,0,155.2,45.4
01/12/2019,9.1,4.6,1,126.6,41.8
01/01/2020,8.9,4.7,0,102.8,45.4
01/02/2020,9,4.4,0,150.8,64.6
01/03/2020,9.9,4,0,50.4,168.2
01/04/2020,14.8,7,0,23.8,225.9
01/05/2020,16.8,8.6,0,7.4,306
01/06/2020,17,11.2,0,111.8,145.9
01/07/2020,17.2,12.2,0,89,163.2
01/08/2020,18.6,13.5,0,163,119.9
01/09/2020,17.2,11.1,0,69.4,132.7
01/10/2020,12.8,8.4,0,134,49
01/11/2020,11.7,6.8,0,70.8,55.6
01/12/2020,8.6,4.6,0,190.4,25.3
01/01/2021,6.9,2.8,7,138,38
01/02/2021,7.9,2.9,6,119.4,60.6
01/03/2021,9.8,4.6,3,38.8,94.7
01/04/2021,10.9,3.9,0,10.6,255.4
01/05/2021,12.7,7,0,142.6,157.4
01/06/2021,17.4,11,0,18,139.5
01/07/2021,19.2,13.7,0,39.2,177.9
01/08/2021,17.8,12.5,0,43.8,128.2
01/09/2021,18.3,12.9,0,105.8,101.5
01/10/2021,14.5,10.3,0,163.6,56.1
01/11/2021,10.9,7,1,48.8,35.9
01/12/2021,10,5.7,0,99.2,33.1
01/01/2022,8.6,4.1,1,32.2,56.3
01/02/2022,9.8,5,0,99.6,60.3
01/03/2022,11.4,5.2,0,34.8,153.9
01/04/2022,12.3,5.9,0,43.8,142.9
01/05/2022,15.6,9.5,0,38.6,147.4
